Date,Time,InstrumentId,InstrumentName,Side,SideName,Quantity,Price,OrderId,AccountId,MarketId,TransactTime,TimeStamp,ExecId,OrderStatus,Exchange,Contract,Originator,CurrentUser
2025-05-06,14:50:49.648,8092262517946017060,Unknown_8092262517946017060,1,BUY,1.0,111.28125,4d007678-19e2-4116-b852-dff37e8123c1,1334000,183,1746557449648991866,1746557449648991866,,3,CME_Delayed,ZN Jun25,,SPatoliya
2025-05-06,19:54:16.538,8092262517946017060,Unknown_8092262517946017060,1,BUY,10.0,111.203125,ed204150-cc58-41c2-9722-86d68dc2522f,1334000,183,1746575656538272312,1746575656538272312,,3,CME_Delayed,ZN Jun25,,Eric
2025-05-06,20:17:50.331,8092262517946017060,Unknown_8092262517946017060,2,SELL,4.0,111.265625,43b95a0c-a848-4d5c-aa65-8913b389c594,1334000,183,1746577070331028240,1746577070331028240,,3,CME_Delayed,ZN Jun25,,Eric
2025-05-07,04:14:52.340,8092262517946017060,Unknown_8092262517946017060,1,BUY,20.0,111.15625,53121e79-aad5-480e-8f63-64a75365b15b,1334000,183,1746605692340422109,1746605692340422109,,3,CME_Delayed,ZN Jun25,,Eric
2025-05-07,05:22:17.623,8092262517946017060,Unknown_8092262517946017060,2,SELL,15.0,111.21875,df6d779c-37c7-4568-af09-b45b686ac654,1334000,183,1746609737623479358,1746609737623479358,,3,CME_Delayed,ZN Jun25,,Eric
2025-05-07,20:43:55.677,8092262517946017060,Unknown_8092262517946017060,1,BUY,10.0,111.546875,3d85c006-b0f1-4782-94bd-408f6ee52cb2,1334000,183,1746665035677263216,1746665035677263216,,3,CME_Delayed,ZN Jun25,,Eric
2025-05-07,21:07:57.721,8092262517946017060,Unknown_8092262517946017060,1,BUY,20.0,111.5,c6ab680c-d1ab-4077-a470-bee6bba369a6,1334000,183,1746666477721140651,1746666477721140651,,3,CME_Delayed,ZN Jun25,,Eric
2025-05-07,23:15:58.213,8092262517946017060,Unknown_8092262517946017060,1,BUY,40.0,111.453125,6e7e7866-a3be-4841-918d-8b01421dc463,1334000,183,1746674158213882466,1746674158213882466,,3,CME_Delayed,ZN Jun25,,Eric
2025-05-08,01:15:07.604,8092262517946017060,Unknown_8092262517946017060,2,SELL,1.0,111.375,5585ce51-8be3-446a-bfaf-e85e45a091fa,1334000,183,1746681307604056430,1746681307604056430,,3,CME_Delayed,ZN Jun25,,Eric
2025-05-08,05:26:08.063,8092262517946017060,Unknown_8092262517946017060,2,SELL,69.0,111.296875,b7798960-0d34-4e4e-920d-d4d48967b413,1334000,183,1746696368063809111,1746696368063809111,,3,CME_Delayed,ZN Jun25,,Eric
2025-05-08,12:26:46.975,8092262517946017060,Unknown_8092262517946017060,1,BUY,1.0,111.046875,9bfbd13e-d4a9-4202-a59c-a6a3966e38ef,1334000,183,1746721606975412285,1746721606975412285,,3,CME_Delayed,ZN Jun25,,SPatoliya
2025-05-08,12:31:26.405,8092262517946017060,Unknown_8092262517946017060,1,BUY,10.0,111.0,65fd26af-7073-4a75-b28b-8ce9bbf6f1a4,1334000,183,1746721886405773994,1746721886405773994,,2,CME_Delayed,ZN Jun25,,Eric
2025-05-08,12:31:26.416,8092262517946017060,Unknown_8092262517946017060,1,BUY,1.0,111.0,65fd26af-7073-4a75-b28b-8ce9bbf6f1a4,1334000,183,1746721886416723254,1746721886416723254,,2,CME_Delayed,ZN Jun25,,Eric
2025-05-08,12:31:26.460,8092262517946017060,Unknown_8092262517946017060,1,BUY,7.0,111.0,65fd26af-7073-4a75-b28b-8ce9bbf6f1a4,1334000,183,1746721886460043337,1746721886460043337,,3,CME_Delayed,ZN Jun25,,Eric
2025-05-08,12:37:03.543,8092262517946017060,Unknown_8092262517946017060,1,BUY,16.0,110.953125,d07bb134-44e3-4868-9aef-2fbe53e8c483,1334000,183,1746722223543447678,1746722223543447678,,2,CME_Delayed,ZN Jun25,,Eric
2025-05-08,12:37:03.543,8092262517946017060,Unknown_8092262517946017060,1,BUY,2.0,110.953125,d07bb134-44e3-4868-9aef-2fbe53e8c483,1334000,183,1746722223543606866,1746722223543606866,,2,CME_Delayed,ZN Jun25,,Eric
2025-05-08,12:37:03.553,8092262517946017060,Unknown_8092262517946017060,1,BUY,2.0,110.953125,d07bb134-44e3-4868-9aef-2fbe53e8c483,1334000,183,1746722223553863809,1746722223553863809,,3,CME_Delayed,ZN Jun25,,Eric
2025-05-08,13:02:19.894,8092262517946017060,Unknown_8092262517946017060,1,BUY,40.0,110.90625,659a7e53-a0be-460b-8f66-187faefffbd3,1334000,183,1746723739894462571,1746723739894462571,,3,CME_Delayed,ZN Jun25,,Eric
2025-05-08,13:14:04.349,8092262517946017060,Unknown_8092262517946017060,2,SELL,1.0,110.828125,03b86a8d-f279-4179-bfbf-3752932b6358,1334000,183,1746724444349276961,1746724444349276961,,3,CME_Delayed,ZN Jun25,,Eric
2025-05-08,13:48:46.650,8092262517946017060,Unknown_8092262517946017060,2,SELL,98.0,110.75,b6bd77c2-9fda-4db8-a117-862dfe3e8b9f,1334000,183,1746726526650860682,1746726526650860682,,3,CME_Delayed,ZN Jun25,,Eric
2025-05-08,15:34:14.059,8092262517946017060,Unknown_8092262517946017060,1,BUY,4.0,110.796875,e01275f0-9cee-4841-a2c7-b3c11ff044cc,1334000,183,1746732854059900201,1746732854059900201,,2,CME_Delayed,ZN Jun25,,Eric
2025-05-08,15:34:14.060,8092262517946017060,Unknown_8092262517946017060,1,BUY,6.0,110.796875,e01275f0-9cee-4841-a2c7-b3c11ff044cc,1334000,183,1746732854060029173,1746732854060029173,,3,CME_Delayed,ZN Jun25,,Eric
2025-05-08,15:35:19.756,8092262517946017060,Unknown_8092262517946017060,1,BUY,10.0,110.78125,bb99dd5c-1318-4280-93d0-77fd0098d731,1334000,183,1746732919756355564,1746732919756355564,,3,CME_Delayed,ZN Jun25,,EChamo
2025-05-08,15:36:02.421,8092262517946017060,Unknown_8092262517946017060,1,BUY,10.0,110.765625,51b5de18-be96-45bf-b9d2-2bd0aa07c1ac,1334000,183,1746732962421557527,1746732962421557527,,3,CME_Delayed,ZN Jun25,,Eric
2025-05-08,15:38:04.568,8092262517946017060,Unknown_8092262517946017060,1,BUY,10.0,110.75,3431c70d-67d9-4723-92bc-691f1b33c236,1334000,183,1746733084568977176,1746733084568977176,,3,CME_Delayed,ZN Jun25,,Eric
2025-05-08,15:50:10.123,8092262517946017060,Unknown_8092262517946017060,2,SELL,4.0,110.8125,52bb4e06-e233-45a7-b4a1-99afee02cc89,1334000,183,1746733810123182988,1746733810123182988,,3,CME_Delayed,ZN Jun25,,Eric
2025-05-08,16:31:03.063,8092262517946017060,Unknown_8092262517946017060,1,BUY,20.0,110.703125,cca2486d-0bd6-4e7d-8b0f-81f4dd4fb6c3,1334000,183,1746736263063321828,1746736263063321828,,3,CME_Delayed,ZN Jun25,,Eric
2025-05-08,16:32:13.704,8092262517946017060,Unknown_8092262517946017060,2,SELL,15.0,110.75,9c5ff20c-15be-4e7f-8e1f-788fd66c6ab1,1334000,183,1746736333704399786,1746736333704399786,,3,CME_Delayed,ZN Jun25,,Eric
2025-05-09,15:14:15.800,8092262517946017060,Unknown_8092262517946017060,1,BUY,40.0,110.796875,2b6baafc-d599-4fd5-a82f-272e15969ccb,1334000,183,1746818055800915931,1746818055800915931,,3,CME_Delayed,ZN Jun25,,Eric
2025-05-09,16:15:41.784,8092262517946017060,Unknown_8092262517946017060,1,BUY,80.0,110.75,a6f7bf6e-5e37-4883-a486-5bfdfdff56a5,1334000,183,1746821741784958338,1746821741784958338,,3,CME_Delayed,ZN Jun25,,Eric
2025-05-09,17:09:59.795,8092262517946017060,Unknown_8092262517946017060,1,BUY,9.0,110.75,e81f5461-0909-4f61-ae6a-79472a469de1,1334000,183,1746824999795535906,1746824999795535906,,2,CME_Delayed,ZN Jun25,,EChamo
2025-05-09,17:09:59.795,8092262517946017060,Unknown_8092262517946017060,1,BUY,1.0,110.75,e81f5461-0909-4f61-ae6a-79472a469de1,1334000,183,1746824999795707465,1746824999795707465,,3,CME_Delayed,ZN Jun25,,EChamo
2025-05-13,15:20:19.556,8092262517946017060,Unknown_8092262517946017060,1,BUY,10.0,109.953125,f46f72fb-7f34-4b2f-a6be-df2ffb892939,1334000,183,1747164019556979959,1747164019556979959,,3,CME_Delayed,ZN Jun25,,Eric
2025-05-13,16:44:56.335,8092262517946017060,Unknown_8092262517946017060,2,SELL,4.0,110.0625,fa572bed-e4a9-4ec8-9c8e-0d1ed1cca5f2,1334000,183,1747169096335209173,1747169096335209173,,3,CME_Delayed,ZN Jun25,,Eric
2025-05-14,22:42:47.059,8092262517946017060,Unknown_8092262517946017060,1,BUY,10.0,109.640625,8d735146-32ce-4841-93b4-59d579c67c45,1334000,183,1747276967059034887,1747276967059034887,,3,CME_Delayed,ZN Jun25,,Eric
2025-05-15,02:07:51.182,8092262517946017060,Unknown_8092262517946017060,2,SELL,4.0,109.703125,dd9c4073-f5c5-4c3a-bef7-6a478665fdd2,1334000,183,1747289271182797817,1747289271182797817,,3,CME_Delayed,ZN Jun25,,Eric
2025-05-15,12:58:50.618,8092262517946017060,Unknown_8092262517946017060,1,BUY,10.0,110.3125,6314f0e3-dba4-4ada-b718-674284eee62f,1334000,183,1747328330618159349,1747328330618159349,,3,CME_Delayed,ZN Jun25,,Eric
2025-05-15,13:05:40.329,8092262517946017060,Unknown_8092262517946017060,1,BUY,10.0,110.3125,5ab6e039-5134-481e-a8b6-0bb138be5560,1334000,183,1747328740329258236,1747328740329258236,,3,CME_Delayed,ZN Jun25,,Eric
2025-05-15,13:58:21.460,8092262517946017060,Unknown_8092262517946017060,1,BUY,20.0,110.265625,6a5e85ee-7317-49bc-94c0-8ccc9fa6a175,1334000,183,1747331901460579022,1747331901460579022,,3,CME_Delayed,ZN Jun25,,Eric
2025-05-15,15:36:15.682,8092262517946017060,Unknown_8092262517946017060,2,SELL,15.0,110.3125,a3343ea2-1f53-4d5c-bd2a-0a2e872b552c,1334000,183,1747337775682796286,1747337775682796286,,3,CME_Delayed,ZN Jun25,,Eric
2025-05-15,16:01:41.064,8092262517946017060,Unknown_8092262517946017060,1,BUY,10.0,110.3125,e7e9d262-a3b1-4867-bf95-5066b879ab9c,1334000,183,1747339301064910420,1747339301064910420,,3,CME_Delayed,ZN Jun25,,EChamo
2025-05-15,16:08:34.725,8092262517946017060,Unknown_8092262517946017060,1,BUY,10.0,110.296875,e9b8e5a9-52cb-4195-aebb-a6df4d525984,1334000,183,1747339714725455006,1747339714725455006,,3,CME_Delayed,ZN Jun25,,EChamo
2025-05-15,16:08:34.732,8092262517946017060,Unknown_8092262517946017060,2,SELL,1.0,110.296875,f7262fcd-51e0-455e-94ee-1708e48cdee9,1334000,183,1747339714732470252,1747339714732470252,,3,CME_Delayed,ZN Jun25,,EChamo
2025-05-15,17:01:02.456,8092262517946017060,Unknown_8092262517946017060,1,BUY,10.0,110.390625,b14ace61-a088-4816-851e-10131ba80b4b,1334000,183,1747342862456557093,1747342862456557093,,3,CME_Delayed,ZN Jun25,,Eric
2025-05-15,20:21:23.440,8092262517946017060,Unknown_8092262517946017060,1,BUY,10.0,110.34375,a168ac55-6c73-4b3f-a2bc-634cd0379b87,1334000,183,1747354883440800755,1747354883440800755,,3,CME_Delayed,ZN Jun25,,Eric
2025-05-15,20:40:15.973,8092262517946017060,Unknown_8092262517946017060,2,SELL,4.0,110.40625,32492242-384c-43db-825c-bbf4fd700854,1334000,183,1747356015973989904,1747356015973989904,,3,CME_Delayed,ZN Jun25,,Eric
2025-05-15,21:05:49.553,8092262517946017060,Unknown_8092262517946017060,1,BUY,10.0,110.46875,6943d23b-744f-4ceb-9b0b-6616b929ae0c,1334000,183,1747357549553100256,1747357549553100256,,3,CME_Delayed,ZN Jun25,,Eric
2025-05-15,21:27:09.822,8092262517946017060,Unknown_8092262517946017060,1,BUY,16.0,110.421875,c2df7057-c89e-43d0-88a0-e8f19ee4f6dd,1334000,183,1747358829822606249,1747358829822606249,,2,CME_Delayed,ZN Jun25,,Eric
2025-05-15,21:27:09.832,8092262517946017060,Unknown_8092262517946017060,1,BUY,4.0,110.421875,c2df7057-c89e-43d0-88a0-e8f19ee4f6dd,1334000,183,1747358829832185693,1747358829832185693,,3,CME_Delayed,ZN Jun25,,Eric
2025-05-15,23:20:33.015,8092262517946017060,Unknown_8092262517946017060,2,SELL,1.0,110.46875,d0bea4d5-0413-4f21-bdf2-528ce20ab6da,1334000,183,1747365633015704550,1747365633015704550,,2,CME_Delayed,ZN Jun25,,Eric
2025-05-15,23:21:18.774,8092262517946017060,Unknown_8092262517946017060,2,SELL,1.0,110.46875,d0bea4d5-0413-4f21-bdf2-528ce20ab6da,1334000,183,1747365678774683192,1747365678774683192,,2,CME_Delayed,ZN Jun25,,Eric
2025-05-15,23:22:10.118,8092262517946017060,Unknown_8092262517946017060,2,SELL,1.0,110.46875,d0bea4d5-0413-4f21-bdf2-528ce20ab6da,1334000,183,1747365730118919086,1747365730118919086,,2,CME_Delayed,ZN Jun25,,Eric
2025-05-15,23:22:10.139,8092262517946017060,Unknown_8092262517946017060,2,SELL,1.0,110.46875,d0bea4d5-0413-4f21-bdf2-528ce20ab6da,1334000,183,1747365730139154726,1747365730139154726,,2,CME_Delayed,ZN Jun25,,Eric
2025-05-15,23:23:47.116,8092262517946017060,Unknown_8092262517946017060,2,SELL,1.0,110.46875,d0bea4d5-0413-4f21-bdf2-528ce20ab6da,1334000,183,1747365827116790849,1747365827116790849,,2,CME_Delayed,ZN Jun25,,Eric
2025-05-15,23:24:21.771,8092262517946017060,Unknown_8092262517946017060,2,SELL,1.0,110.46875,d0bea4d5-0413-4f21-bdf2-528ce20ab6da,1334000,183,1747365861771111652,1747365861771111652,,2,CME_Delayed,ZN Jun25,,Eric
2025-05-15,23:25:24.614,8092262517946017060,Unknown_8092262517946017060,2,SELL,1.0,110.46875,d0bea4d5-0413-4f21-bdf2-528ce20ab6da,1334000,183,1747365924614354575,1747365924614354575,,2,CME_Delayed,ZN Jun25,,Eric
2025-05-15,23:25:43.308,8092262517946017060,Unknown_8092262517946017060,2,SELL,1.0,110.46875,d0bea4d5-0413-4f21-bdf2-528ce20ab6da,1334000,183,1747365943308328153,1747365943308328153,,2,CME_Delayed,ZN Jun25,,Eric
2025-05-15,23:26:06.731,8092262517946017060,Unknown_8092262517946017060,2,SELL,7.0,110.46875,d0bea4d5-0413-4f21-bdf2-528ce20ab6da,1334000,183,1747365966731608888,1747365966731608888,,3,CME_Delayed,ZN Jun25,,Eric
2025-05-16,02:24:05.290,8092262517946017060,Unknown_8092262517946017060,2,SELL,4.0,110.53125,6b61662d-b936-4857-9666-d2ba98b00c36,1334000,183,1747376645290588206,1747376645290588206,,3,CME_Delayed,ZN Jun25,,Eric
2025-05-16,10:56:13.840,8092262517946017060,Unknown_8092262517946017060,1,BUY,10.0,110.40625,278f680f-495b-44f8-b4ee-fd08f4970173,1334000,183,1747407373840411386,1747407373840411386,,3,CME_Delayed,ZN Jun25,,Eric
2025-05-16,11:01:20.153,8092262517946017060,Unknown_8092262517946017060,1,BUY,20.0,110.359375,8fd3d795-92dc-46bd-9e16-ba9e65ad3a80,1334000,183,1747407680153184723,1747407680153184723,,3,CME_Delayed,ZN Jun25,,Eric
2025-05-16,11:05:48.603,8092262517946017060,Unknown_8092262517946017060,1,BUY,13.0,110.3125,9c0805b1-a93a-4223-8c60-b2bc302dc569,1334000,183,1747407948603269029,1747407948603269029,,2,CME_Delayed,ZN Jun25,,Eric
2025-05-16,11:05:48.603,8092262517946017060,Unknown_8092262517946017060,1,BUY,25.0,110.3125,9c0805b1-a93a-4223-8c60-b2bc302dc569,1334000,183,1747407948603499202,1747407948603499202,,2,CME_Delayed,ZN Jun25,,Eric
2025-05-16,11:05:48.603,8092262517946017060,Unknown_8092262517946017060,1,BUY,2.0,110.3125,9c0805b1-a93a-4223-8c60-b2bc302dc569,1334000,183,1747407948603719609,1747407948603719609,,3,CME_Delayed,ZN Jun25,,Eric
2025-05-16,11:14:36.853,8092262517946017060,Unknown_8092262517946017060,2,SELL,30.0,110.375,6eaf6398-09cb-40d1-be2f-8e3f194f2c4a,1334000,183,1747408476853880779,1747408476853880779,,3,CME_Delayed,ZN Jun25,,Eric
2025-05-16,11:19:06.112,8092262517946017060,Unknown_8092262517946017060,2,SELL,15.0,110.40625,ecd790e9-57ef-478b-b316-9cf63a900adc,1334000,183,1747408746112920465,1747408746112920465,,3,CME_Delayed,ZN Jun25,,Eric
2025-05-16,12:46:30.406,8092262517946017060,Unknown_8092262517946017060,1,BUY,7.0,110.375,84f5f17f-c26d-42b1-a2c9-cd3a9a9d19ae,1334000,183,1747413990406240798,1747413990406240798,,2,CME_Delayed,ZN Jun25,,EChamo
2025-05-16,12:46:30.415,8092262517946017060,Unknown_8092262517946017060,1,BUY,3.0,110.375,84f5f17f-c26d-42b1-a2c9-cd3a9a9d19ae,1334000,183,1747413990415582914,1747413990415582914,,3,CME_Delayed,ZN Jun25,,EChamo
2025-05-16,12:48:06.064,8092262517946017060,Unknown_8092262517946017060,1,BUY,10.0,110.359375,34bf3442-63bd-42ed-99a9-40131aaed250,1334000,183,1747414086064718514,1747414086064718514,,3,CME_Delayed,ZN Jun25,,Eric
2025-05-16,13:29:42.557,8092262517946017060,Unknown_8092262517946017060,1,BUY,1.0,110.328125,02ba2c6a-919c-4e60-a4a1-7c67b5298a8a,1334000,183,1747416582557613358,1747416582557613358,,2,CME_Delayed,ZN Jun25,,EChamo
2025-05-16,13:29:42.588,8092262517946017060,Unknown_8092262517946017060,1,BUY,9.0,110.328125,02ba2c6a-919c-4e60-a4a1-7c67b5298a8a,1334000,183,1747416582588639027,1747416582588639027,,3,CME_Delayed,ZN Jun25,,EChamo
2025-05-16,13:40:52.282,1733802083425552218,Unknown_1733802083425552218,2,SELL,1.0,596550.0,93ef791d-87df-47db-99d6-d9885feca746,1334000,183,1747417252282707266,1747417252282707266,,2,CME_Delayed,ES Jun25,,EChamo
2025-05-16,13:40:52.303,1733802083425552218,Unknown_1733802083425552218,2,SELL,1.0,596550.0,93ef791d-87df-47db-99d6-d9885feca746,1334000,183,1747417252303164428,1747417252303164428,,2,CME_Delayed,ES Jun25,,EChamo
2025-05-16,13:40:52.303,1733802083425552218,Unknown_1733802083425552218,2,SELL,3.0,596550.0,93ef791d-87df-47db-99d6-d9885feca746,1334000,183,1747417252303707026,1747417252303707026,,3,CME_Delayed,ES Jun25,,EChamo
2025-05-16,15:04:24.539,8092262517946017060,Unknown_8092262517946017060,1,BUY,10.0,110.34375,9adb132f-0ddc-4471-b3f1-d2ee0530feb9,1334000,183,1747422264539469721,1747422264539469721,,3,CME_Delayed,ZN Jun25,,Eric
2025-05-16,15:11:14.341,8092262517946017060,Unknown_8092262517946017060,2,SELL,4.0,110.40625,97ddc1a4-704b-4804-bb86-e89b8ec93a00,1334000,183,1747422674341500299,1747422674341500299,,3,CME_Delayed,ZN Jun25,,Eric
2025-05-16,16:07:11.073,8092262517946017060,Unknown_8092262517946017060,1,BUY,20.0,110.296875,5a23a74a-5c9a-4146-8941-badca23e19ac,1334000,183,1747426031073521151,1747426031073521151,,3,CME_Delayed,ZN Jun25,,Eric
2025-05-16,16:58:03.658,8092262517946017060,Unknown_8092262517946017060,1,BUY,40.0,110.25,299db140-f66f-42ab-a4ee-43f360d1b199,1334000,183,1747429083658190246,1747429083658190246,,3,CME_Delayed,ZN Jun25,,Eric
2025-05-16,17:00:30.850,8092262517946017060,Unknown_8092262517946017060,1,BUY,20.0,110.203125,28122347-6dec-40fe-bfe1-a57f482e54fc,1334000,183,1747429230850946338,1747429230850946338,,2,CME_Delayed,ZN Jun25,,Eric
2025-05-16,17:00:30.851,8092262517946017060,Unknown_8092262517946017060,1,BUY,1.0,110.203125,28122347-6dec-40fe-bfe1-a57f482e54fc,1334000,183,1747429230851133031,1747429230851133031,,2,CME_Delayed,ZN Jun25,,Eric
2025-05-16,17:00:30.851,8092262517946017060,Unknown_8092262517946017060,1,BUY,59.0,110.203125,28122347-6dec-40fe-bfe1-a57f482e54fc,1334000,183,1747429230851422255,1747429230851422255,,3,CME_Delayed,ZN Jun25,,Eric
2025-05-16,17:01:24.240,8092262517946017060,Unknown_8092262517946017060,1,BUY,77.0,110.15625,e24c90d6-8f56-452c-a36e-6c5f09281195,1334000,183,1747429284240758155,1747429284240758155,,2,CME_Delayed,ZN Jun25,,Eric
2025-05-16,17:01:24.240,8092262517946017060,Unknown_8092262517946017060,1,BUY,8.0,110.15625,e24c90d6-8f56-452c-a36e-6c5f09281195,1334000,183,1747429284240945925,1747429284240945925,,2,CME_Delayed,ZN Jun25,,Eric
2025-05-16,17:01:24.250,8092262517946017060,Unknown_8092262517946017060,1,BUY,1.0,110.15625,e24c90d6-8f56-452c-a36e-6c5f09281195,1334000,183,1747429284250889516,1747429284250889516,,2,CME_Delayed,ZN Jun25,,Eric
2025-05-16,17:01:28.378,8092262517946017060,Unknown_8092262517946017060,1,BUY,10.0,110.15625,e24c90d6-8f56-452c-a36e-6c5f09281195,1334000,183,1747429288378472461,1747429288378472461,,2,CME_Delayed,ZN Jun25,,Eric
2025-05-16,17:01:39.135,8092262517946017060,Unknown_8092262517946017060,1,BUY,1.0,110.15625,e24c90d6-8f56-452c-a36e-6c5f09281195,1334000,183,1747429299135474137,1747429299135474137,,2,CME_Delayed,ZN Jun25,,Eric
2025-05-16,17:02:08.258,8092262517946017060,Unknown_8092262517946017060,1,BUY,10.0,110.15625,e24c90d6-8f56-452c-a36e-6c5f09281195,1334000,183,1747429328258741020,1747429328258741020,,2,CME_Delayed,ZN Jun25,,Eric
2025-05-16,17:02:11.191,8092262517946017060,Unknown_8092262517946017060,1,BUY,30.0,110.15625,e24c90d6-8f56-452c-a36e-6c5f09281195,1334000,183,1747429331191460744,1747429331191460744,,2,CME_Delayed,ZN Jun25,,Eric
2025-05-16,17:02:12.239,8092262517946017060,Unknown_8092262517946017060,1,BUY,10.0,110.15625,e24c90d6-8f56-452c-a36e-6c5f09281195,1334000,183,1747429332239606584,1747429332239606584,,2,CME_Delayed,ZN Jun25,,Eric
2025-05-16,17:02:12.239,8092262517946017060,Unknown_8092262517946017060,1,BUY,3.0,110.15625,e24c90d6-8f56-452c-a36e-6c5f09281195,1334000,183,1747429332239915801,1747429332239915801,,2,CME_Delayed,ZN Jun25,,Eric
2025-05-16,17:02:12.240,8092262517946017060,Unknown_8092262517946017060,1,BUY,1.0,110.15625,e24c90d6-8f56-452c-a36e-6c5f09281195,1334000,183,1747429332240044621,1747429332240044621,,2,CME_Delayed,ZN Jun25,,Eric
2025-05-16,17:02:12.240,8092262517946017060,Unknown_8092262517946017060,1,BUY,9.0,110.15625,e24c90d6-8f56-452c-a36e-6c5f09281195,1334000,183,1747429332240209563,1747429332240209563,,3,CME_Delayed,ZN Jun25,,Eric
2025-05-16,17:05:32.749,8092262517946017060,Unknown_8092262517946017060,2,SELL,1.0,110.078125,fad6f497-2cfc-4e1e-9226-23393fc3a0af,1334000,183,1747429532749277856,1747429532749277856,,3,CME_Delayed,ZN Jun25,,Eric
2025-05-16,17:09:00.346,8092262517946017060,Unknown_8092262517946017060,2,SELL,305.0,109.984375,6b3c405b-dce1-4c31-8baa-5e7fb677ef6f,1334000,183,1747429740346838900,1747429740346838900,,3,CME_Delayed,ZN Jun25,,Eric
2025-05-19,11:44:02.274,8092262517946017060,Unknown_8092262517946017060,1,BUY,10.0,110.078125,1a959b7d-4ac2-495e-818d-9fb0093295df,1334000,183,1747669442274574460,1747669442274574460,,3,CME_Delayed,ZN Jun25,,EChamo
2025-05-19,11:44:04.456,8092262517946017060,Unknown_8092262517946017060,1,BUY,20.0,110.0625,39099fdc-8498-422b-9c52-61b739b6b7e0,1334000,183,1747669444456329398,1747669444456329398,,3,CME_Delayed,ZN Jun25,,EChamo
2025-05-19,11:51:26.743,8092262517946017060,Unknown_8092262517946017060,2,SELL,15.0,110.109375,cd3069d5-4e03-42e5-bd5f-f922715b1d8c,1334000,183,1747669886743514517,1747669886743514517,,3,CME_Delayed,ZN Jun25,,EChamo
2025-05-19,11:58:35.236,8092262517946017060,Unknown_8092262517946017060,1,BUY,40.0,110.046875,398dbab0-b16d-410b-99a5-743b32110606,1334000,183,1747670315236604503,1747670315236604503,,3,CME_Delayed,ZN Jun25,,EChamo
2025-05-19,11:59:02.394,8092262517946017060,Unknown_8092262517946017060,1,BUY,80.0,110.03125,a2f8d04b-2867-44fa-8536-2835fb789598,1334000,183,1747670342394377318,1747670342394377318,,3,CME_Delayed,ZN Jun25,,EChamo
2025-05-19,11:59:25.274,8092262517946017060,Unknown_8092262517946017060,1,BUY,1.0,110.015625,ca1e8059-28f1-4694-afe3-214180627838,1334000,183,1747670365274577355,1747670365274577355,,2,CME_Delayed,ZN Jun25,,EChamo
2025-05-19,11:59:25.274,8092262517946017060,Unknown_8092262517946017060,1,BUY,1.0,110.015625,ca1e8059-28f1-4694-afe3-214180627838,1334000,183,1747670365274779860,1747670365274779860,,2,CME_Delayed,ZN Jun25,,EChamo
2025-05-19,11:59:25.274,8092262517946017060,Unknown_8092262517946017060,1,BUY,1.0,110.015625,ca1e8059-28f1-4694-afe3-214180627838,1334000,183,1747670365274918721,1747670365274918721,,2,CME_Delayed,ZN Jun25,,EChamo
2025-05-19,11:59:25.284,8092262517946017060,Unknown_8092262517946017060,1,BUY,1.0,110.015625,ca1e8059-28f1-4694-afe3-214180627838,1334000,183,1747670365284487089,1747670365284487089,,2,CME_Delayed,ZN Jun25,,EChamo
2025-05-19,11:59:25.294,8092262517946017060,Unknown_8092262517946017060,1,BUY,4.0,110.015625,ca1e8059-28f1-4694-afe3-214180627838,1334000,183,1747670365294657146,1747670365294657146,,2,CME_Delayed,ZN Jun25,,EChamo
2025-05-19,11:59:25.294,8092262517946017060,Unknown_8092262517946017060,1,BUY,2.0,110.015625,ca1e8059-28f1-4694-afe3-214180627838,1334000,183,1747670365294835931,1747670365294835931,,2,CME_Delayed,ZN Jun25,,EChamo
2025-05-19,11:59:25.315,8092262517946017060,Unknown_8092262517946017060,1,BUY,6.0,110.015625,ca1e8059-28f1-4694-afe3-214180627838,1334000,183,1747670365315337759,1747670365315337759,,2,CME_Delayed,ZN Jun25,,EChamo
2025-05-19,11:59:25.377,8092262517946017060,Unknown_8092262517946017060,1,BUY,10.0,110.015625,ca1e8059-28f1-4694-afe3-214180627838,1334000,183,1747670365377172186,1747670365377172186,,2,CME_Delayed,ZN Jun25,,EChamo
2025-05-19,11:59:25.387,8092262517946017060,Unknown_8092262517946017060,1,BUY,1.0,110.015625,ca1e8059-28f1-4694-afe3-214180627838,1334000,183,1747670365387401351,1747670365387401351,,2,CME_Delayed,ZN Jun25,,EChamo
2025-05-19,11:59:26.199,8092262517946017060,Unknown_8092262517946017060,1,BUY,20.0,110.015625,ca1e8059-28f1-4694-afe3-214180627838,1334000,183,1747670366199256784,1747670366199256784,,2,CME_Delayed,ZN Jun25,,EChamo
2025-05-19,11:59:28.350,8092262517946017060,Unknown_8092262517946017060,1,BUY,113.0,110.015625,ca1e8059-28f1-4694-afe3-214180627838,1334000,183,1747670368350657845,1747670368350657845,,3,CME_Delayed,ZN Jun25,,EChamo
2025-05-20,02:58:02.383,8092262517946017060,Unknown_8092262517946017060,1,BUY,10.0,110.21875,048c67af-d4d7-4e2e-b951-efb0953d230f,1334000,183,1747724282383176044,1747724282383176044,,3,CME_Delayed,ZN Jun25,,SPatoliya
2025-05-20,03:04:46.123,8092262517946017060,Unknown_8092262517946017060,1,BUY,1.0,110.203125,1cd12ba8-2459-4510-98ae-1339ba580059,1334000,183,1747724686123504552,1747724686123504552,,2,CME_Delayed,ZN Jun25,,SPatoliya
2025-05-20,03:04:46.124,8092262517946017060,Unknown_8092262517946017060,1,BUY,9.0,110.203125,1cd12ba8-2459-4510-98ae-1339ba580059,1334000,183,1747724686124086228,1747724686124086228,,3,CME_Delayed,ZN Jun25,,SPatoliya
2025-05-20,03:45:53.625,8092262517946017060,Unknown_8092262517946017060,1,BUY,10.0,110.375,0a99ad4a-79bd-4e63-b724-cb38c53c9ad7,1334000,183,1747727153625829111,1747727153625829111,,3,CME_Delayed,ZN Jun25,,SPatoliya
2025-05-20,04:08:15.366,8092262517946017060,Unknown_8092262517946017060,1,BUY,10.0,110.375,c8bf6335-7c91-4c76-baa5-0279500940bc,1334000,183,1747728495366877961,1747728495366877961,,3,CME_Delayed,ZN Jun25,,SPatoliya
2025-05-20,04:48:28.946,8092262517946017060,Unknown_8092262517946017060,1,BUY,10.0,110.34375,14424b89-714f-43e3-9791-c798bf1b94d5,1334000,183,1747730908946301195,1747730908946301195,,3,CME_Delayed,ZN Jun25,,SPatoliya
2025-05-20,15:59:54.205,8092262517946017060,Unknown_8092262517946017060,1,BUY,10.0,110.171875,55171319-c8ff-4437-8faa-381102f53699,1334000,183,1747771194205250725,1747771194205250725,,3,CME_Delayed,ZN Jun25,,Eric
2025-05-21,14:07:54.720,8092262517946017060,Unknown_8092262517946017060,1,BUY,10.0,109.5,a7cd04f8-29bb-4fa1-8407-26eeb90f3240,1334000,183,1747850874720915200,1747850874720915200,,3,CME_Delayed,ZN Jun25,,Eric
2025-05-21,14:18:13.657,8092262517946017060,Unknown_8092262517946017060,2,SELL,4.0,109.5625,e8c8755d-e482-44f9-bdd4-8df37f989f9b,1334000,183,1747851493657529402,1747851493657529402,,3,CME_Delayed,ZN Jun25,,Eric
2025-05-21,18:52:42.631,8092262517946017060,Unknown_8092262517946017060,1,BUY,10.0,109.453125,691c4783-0ca9-46ca-952d-975a49017ec1,1334000,183,1747867962631970907,1747867962631970907,,3,CME_Delayed,ZN Jun25,,SPatoliya
2025-05-21,19:12:49.531,8092262517946017060,Unknown_8092262517946017060,1,BUY,3.0,109.421875,36a0848e-ac36-4f16-ba1b-b88bb3254a66,1334000,183,1747869169531038404,1747869169531038404,,2,CME_Delayed,ZN Jun25,,SPatoliya
2025-05-21,19:12:49.531,8092262517946017060,Unknown_8092262517946017060,1,BUY,1.0,109.421875,36a0848e-ac36-4f16-ba1b-b88bb3254a66,1334000,183,1747869169531257636,1747869169531257636,,2,CME_Delayed,ZN Jun25,,SPatoliya
2025-05-21,19:12:49.531,8092262517946017060,Unknown_8092262517946017060,1,BUY,1.0,109.421875,36a0848e-ac36-4f16-ba1b-b88bb3254a66,1334000,183,1747869169531365691,1747869169531365691,,2,CME_Delayed,ZN Jun25,,SPatoliya
2025-05-21,19:12:49.562,8092262517946017060,Unknown_8092262517946017060,1,BUY,5.0,109.421875,36a0848e-ac36-4f16-ba1b-b88bb3254a66,1334000,183,1747869169562229709,1747869169562229709,,3,CME_Delayed,ZN Jun25,,SPatoliya
2025-05-21,19:36:51.023,8092262517946017060,Unknown_8092262517946017060,1,BUY,10.0,109.4375,b5b06279-94aa-4e44-a135-280713d861d2,1334000,183,1747870611023053985,1747870611023053985,,3,CME_Delayed,ZN Jun25,,SPatoliya
2025-05-21,19:40:01.279,8092262517946017060,Unknown_8092262517946017060,1,BUY,10.0,109.4375,a4651955-1a6d-40f3-a460-0e3df8399b36,1334000,183,1747870801279930040,1747870801279930040,,3,CME_Delayed,ZN Jun25,,Eric
2025-05-21,19:41:11.808,8092262517946017060,Unknown_8092262517946017060,2,SELL,3.0,109.453125,562c812d-6c3c-493b-bbc2-22ec72926144,1334000,183,1747870871808463139,1747870871808463139,,3,CME_Delayed,ZN Jun25,,SPatoliya
2025-05-21,19:52:37.402,8092262517946017060,Unknown_8092262517946017060,1,BUY,6.0,109.4375,9e912936-1f96-4af6-8c5a-f19fe799a0b4,1334000,183,1747871557402892397,1747871557402892397,,2,CME_Delayed,ZN Jun25,,SPatoliya
2025-05-21,19:52:37.453,8092262517946017060,Unknown_8092262517946017060,1,BUY,4.0,109.4375,9e912936-1f96-4af6-8c5a-f19fe799a0b4,1334000,183,1747871557453675498,1747871557453675498,,3,CME_Delayed,ZN Jun25,,SPatoliya
2025-05-21,20:03:24.140,8092262517946017060,Unknown_8092262517946017060,1,BUY,1.0,109.4375,b5ec8fbb-f298-42f5-bdb0-809b42bf6e13,1334000,183,1747872204140590110,1747872204140590110,,2,CME_Delayed,ZN Jun25,,SPatoliya
2025-05-21,20:03:24.140,8092262517946017060,Unknown_8092262517946017060,1,BUY,9.0,109.4375,b5ec8fbb-f298-42f5-bdb0-809b42bf6e13,1334000,183,1747872204140879140,1747872204140879140,,3,CME_Delayed,ZN Jun25,,SPatoliya
2025-05-21,20:11:43.586,8092262517946017060,Unknown_8092262517946017060,1,BUY,10.0,109.421875,35e83ab1-8ce4-42a7-a002-733aeb433131,1334000,183,1747872703586797039,1747872703586797039,,3,CME_Delayed,ZN Jun25,,SPatoliya
2025-05-22,03:48:14.981,8092262517946017060,Unknown_8092262517946017060,1,BUY,10.0,109.65625,602bfcac-d5a2-4cb5-a085-138d14a3bee8,1334000,183,1747900094981420320,1747900094981420320,,3,CME_Delayed,ZN Jun25,,SPatoliya
2025-05-22,04:01:34.380,8092262517946017060,Unknown_8092262517946017060,1,BUY,10.0,109.640625,78812ab6-7044-4da2-a2aa-af776099c0ff,1334000,183,1747900894380943489,1747900894380943489,,3,CME_Delayed,ZN Jun25,,SPatoliya
2025-05-22,04:27:23.911,8092262517946017060,Unknown_8092262517946017060,1,BUY,20.0,109.5625,c272604a-c069-4b86-8d95-a4ec0cc469bb,1334000,183,1747902443911160704,1747902443911160704,,3,CME_Delayed,ZN Jun25,,SPatoliya
2025-05-22,04:42:34.200,8092262517946017060,Unknown_8092262517946017060,2,SELL,7.0,109.578125,f0f89a1d-3cdc-482c-8c71-fd4dd34060fb,1334000,183,1747903354200284432,1747903354200284432,,3,CME_Delayed,ZN Jun25,,SPatoliya
2025-05-22,04:44:54.252,8092262517946017060,Unknown_8092262517946017060,2,SELL,7.0,109.59375,4ef3cdb4-fd99-485f-93bc-a66b95108a05,1334000,183,1747903494252399340,1747903494252399340,,3,CME_Delayed,ZN Jun25,,SPatoliya
2025-05-22,04:48:51.475,8092262517946017060,Unknown_8092262517946017060,2,SELL,7.0,109.609375,8e1e3ea6-4afb-4b6a-8a01-e1532249d83e,1334000,183,1747903731475161694,1747903731475161694,,3,CME_Delayed,ZN Jun25,,SPatoliya
2025-05-22,04:49:12.615,8092262517946017060,Unknown_8092262517946017060,2,SELL,9.0,109.625,ae92d420-072e-4c01-983b-58c9385cf2c3,1334000,183,1747903752615613463,1747903752615613463,,3,CME_Delayed,ZN Jun25,,SPatoliya
2025-05-22,06:17:24.914,8092262517946017060,Unknown_8092262517946017060,1,BUY,10.0,109.640625,497e5551-78b2-47ed-836c-631b13421a48,1334000,183,1747909044914890023,1747909044914890023,,3,CME_Delayed,ZN Jun25,,SPatoliya
2025-05-22,06:22:01.289,8092262517946017060,Unknown_8092262517946017060,2,SELL,1.0,109.65625,6cf99297-f04a-444c-94ea-056423065c3d,1334000,183,1747909321289584242,1747909321289584242,,2,CME_Delayed,ZN Jun25,,SPatoliya
2025-05-22,06:22:01.289,8092262517946017060,Unknown_8092262517946017060,2,SELL,1.0,109.65625,6cf99297-f04a-444c-94ea-056423065c3d,1334000,183,1747909321289800584,1747909321289800584,,3,CME_Delayed,ZN Jun25,,SPatoliya
2025-05-22,07:06:47.208,8092262517946017060,Unknown_8092262517946017060,1,BUY,20.0,109.5625,4e6fd5a6-202e-443c-a633-abc057c14b9b,1334000,183,1747912007208827586,1747912007208827586,,3,CME_Delayed,ZN Jun25,,SPatoliya
2025-05-22,07:08:47.067,8092262517946017060,Unknown_8092262517946017060,2,SELL,7.0,109.578125,2f2012a9-e9a8-46f4-88a3-838f7b10b4a0,1334000,183,1747912127067548413,1747912127067548413,,3,CME_Delayed,ZN Jun25,,SPatoliya
2025-05-22,07:34:56.880,8092262517946017060,Unknown_8092262517946017060,1,BUY,40.0,109.484375,1e168621-920e-4773-bb3b-0477f805da53,1334000,183,1747913696880901371,1747913696880901371,,3,CME_Delayed,ZN Jun25,,SPatoliya
2025-05-22,07:42:11.740,8092262517946017060,Unknown_8092262517946017060,2,SELL,12.0,109.5,dac72e01-93bc-432d-bc91-b316a1856b1f,1334000,183,1747914131740331771,1747914131740331771,,2,CME_Delayed,ZN Jun25,,SPatoliya
2025-05-22,07:42:11.740,8092262517946017060,Unknown_8092262517946017060,2,SELL,3.0,109.5,dac72e01-93bc-432d-bc91-b316a1856b1f,1334000,183,1747914131740536870,1747914131740536870,,3,CME_Delayed,ZN Jun25,,SPatoliya
2025-05-22,07:52:24.372,8092262517946017060,Unknown_8092262517946017060,2,SELL,15.0,109.515625,709bec47-7735-4cdd-88dc-6ede9e639578,1334000,183,1747914744372930471,1747914744372930471,,3,CME_Delayed,ZN Jun25,,SPatoliya
2025-05-22,07:54:35.683,8092262517946017060,Unknown_8092262517946017060,1,BUY,10.0,109.484375,c24042f4-9a88-4be0-b2cf-5b0d5227ceb9,1334000,183,1747914875683638374,1747914875683638374,,3,CME_Delayed,ZN Jun25,,SPatoliya
2025-05-22,07:56:19.083,8092262517946017060,Unknown_8092262517946017060,2,SELL,2.0,109.5,3320a1ca-da40-41dd-a443-5ef136399c2b,1334000,183,1747914979083877338,1747914979083877338,,3,CME_Delayed,ZN Jun25,,SPatoliya
2025-05-22,08:14:57.880,8092262517946017060,Unknown_8092262517946017060,2,SELL,2.0,109.515625,23352c5d-b68e-4360-b19a-ab304fbcd5dc,1334000,183,1747916097880137992,1747916097880137992,,3,CME_Delayed,ZN Jun25,,SPatoliya
2025-05-22,08:15:22.701,8092262517946017060,Unknown_8092262517946017060,2,SELL,2.0,109.53125,bc4e2681-dd5c-4412-aa68-b2dfb9336d82,1334000,183,1747916122701255021,1747916122701255021,,3,CME_Delayed,ZN Jun25,,SPatoliya
2025-05-22,08:17:38.220,8092262517946017060,Unknown_8092262517946017060,2,SELL,4.0,109.546875,ea362746-3764-4ba9-aa72-36f4ef508aa4,1334000,183,1747916258220424577,1747916258220424577,,3,CME_Delayed,ZN Jun25,,SPatoliya
2025-05-22,10:08:31.367,8092262517946017060,Unknown_8092262517946017060,1,BUY,1.0,109.671875,59f6fffb-fbc9-481f-8fc9-9b69b4bc9765,1334000,183,1747922911367030898,1747922911367030898,,3,CME_Delayed,ZN Jun25,,Eric
2025-05-22,10:24:13.659,8092262517946017060,Unknown_8092262517946017060,1,BUY,10.0,109.65625,49e9c761-6d5a-44ce-bd51-4db952b93316,1334000,183,1747923853659132141,1747923853659132141,,3,CME_Delayed,ZN Jun25,,Eric
2025-05-22,10:24:28.209,8092262517946017060,Unknown_8092262517946017060,2,SELL,2.0,109.671875,4f9bc921-6200-417a-8bf7-46b945749020,1334000,183,1747923868209090235,1747923868209090235,,3,CME_Delayed,ZN Jun25,,Eric
2025-05-22,10:51:40.709,8092262517946017060,Unknown_8092262517946017060,1,BUY,20.0,109.578125,bfd2ade0-1b80-4fc9-b655-36cf03bcbe2e,1334000,183,1747925500709105082,1747925500709105082,,3,CME_Delayed,ZN Jun25,,Eric
2025-05-22,10:53:37.127,8092262517946017060,Unknown_8092262517946017060,2,SELL,7.0,109.59375,eda683ec-53df-4799-8a95-13fcaab5e92d,1334000,183,1747925617127461999,1747925617127461999,,3,CME_Delayed,ZN Jun25,,Eric
2025-05-22,10:54:01.260,8092262517946017060,Unknown_8092262517946017060,2,SELL,7.0,109.609375,b8bac00e-2795-49d5-95c5-8219d7c91e09,1334000,183,1747925641260032371,1747925641260032371,,3,CME_Delayed,ZN Jun25,,Eric
2025-05-22,10:54:05.763,8092262517946017060,Unknown_8092262517946017060,2,SELL,7.0,109.625,05c6c0e8-c717-4ddb-8c85-44b0e9fa0e57,1334000,183,1747925645763821681,1747925645763821681,,3,CME_Delayed,ZN Jun25,,Eric
2025-05-22,10:54:26.221,8092262517946017060,Unknown_8092262517946017060,2,SELL,7.0,109.640625,24e5a569-ae48-425a-8d17-a83809d3f9b7,1334000,183,1747925666221332616,1747925666221332616,,3,CME_Delayed,ZN Jun25,,Eric
2025-05-23,03:33:34.224,8092262517946017060,Unknown_8092262517946017060,1,BUY,10.0,110.046875,ec4d02e6-ed44-435f-b586-9cc811090694,1334000,183,1747985614224683701,1747985614224683701,,3,CME_Delayed,ZN Jun25,,SPatoliya
2025-05-23,04:30:36.294,8092262517946017060,Unknown_8092262517946017060,1,BUY,1.0,110.046875,31994c83-5a0a-4736-bb5d-cce424f68aae,1334000,183,1747989036294681101,1747989036294681101,,2,CME_Delayed,ZN Jun25,,SPatoliya
2025-05-23,04:30:36.294,8092262517946017060,Unknown_8092262517946017060,1,BUY,1.0,110.046875,31994c83-5a0a-4736-bb5d-cce424f68aae,1334000,183,1747989036294853389,1747989036294853389,,2,CME_Delayed,ZN Jun25,,SPatoliya
2025-05-23,04:30:36.294,8092262517946017060,Unknown_8092262517946017060,1,BUY,1.0,110.046875,31994c83-5a0a-4736-bb5d-cce424f68aae,1334000,183,1747989036294947373,1747989036294947373,,2,CME_Delayed,ZN Jun25,,SPatoliya
2025-05-23,04:30:36.295,8092262517946017060,Unknown_8092262517946017060,1,BUY,1.0,110.046875,31994c83-5a0a-4736-bb5d-cce424f68aae,1334000,183,1747989036295039153,1747989036295039153,,2,CME_Delayed,ZN Jun25,,SPatoliya
2025-05-23,04:30:36.295,8092262517946017060,Unknown_8092262517946017060,1,BUY,1.0,110.046875,31994c83-5a0a-4736-bb5d-cce424f68aae,1334000,183,1747989036295161180,1747989036295161180,,2,CME_Delayed,ZN Jun25,,SPatoliya
2025-05-23,04:30:36.295,8092262517946017060,Unknown_8092262517946017060,1,BUY,1.0,110.046875,31994c83-5a0a-4736-bb5d-cce424f68aae,1334000,183,1747989036295253241,1747989036295253241,,2,CME_Delayed,ZN Jun25,,SPatoliya
2025-05-23,04:30:36.295,8092262517946017060,Unknown_8092262517946017060,1,BUY,2.0,110.046875,31994c83-5a0a-4736-bb5d-cce424f68aae,1334000,183,1747989036295342617,1747989036295342617,,2,CME_Delayed,ZN Jun25,,SPatoliya
2025-05-23,04:30:36.295,8092262517946017060,Unknown_8092262517946017060,1,BUY,1.0,110.046875,31994c83-5a0a-4736-bb5d-cce424f68aae,1334000,183,1747989036295460528,1747989036295460528,,2,CME_Delayed,ZN Jun25,,SPatoliya
2025-05-23,04:30:36.304,8092262517946017060,Unknown_8092262517946017060,1,BUY,1.0,110.046875,31994c83-5a0a-4736-bb5d-cce424f68aae,1334000,183,1747989036304985904,1747989036304985904,,3,CME_Delayed,ZN Jun25,,SPatoliya
2025-05-23,04:45:52.017,8092262517946017060,Unknown_8092262517946017060,1,BUY,10.0,110.0,d18fbf83-0c4a-4cd2-9202-16b6f8e2cce2,1334000,183,1747989952017102237,1747989952017102237,,3,CME_Delayed,ZN Jun25,,SPatoliya
2025-05-23,06:12:51.922,8092262517946017060,Unknown_8092262517946017060,1,BUY,20.0,109.953125,f9d1ba71-1f94-4d76-a11f-ced6e09aae14,1334000,183,1747995171922301260,1747995171922301260,,3,CME_Delayed,ZN Jun25,,SPatoliya
2025-05-23,07:27:00.921,8092262517946017060,Unknown_8092262517946017060,2,SELL,15.0,110.0,8e9e57b5-69b7-407c-bcf9-57e3dc0dfb91,1334000,183,1747999620921545437,1747999620921545437,,3,CME_Delayed,ZN Jun25,,SPatoliya
2025-05-23,07:29:53.679,8092262517946017060,Unknown_8092262517946017060,2,SELL,4.0,110.0625,8f6dd124-3885-4a1a-92c0-21ca3e623619,1334000,183,1747999793679174978,1747999793679174978,,3,CME_Delayed,ZN Jun25,,SPatoliya
2025-05-29,15:50:43.311,8092262517946017060,Unknown_8092262517946017060,1,BUY,10.0,110.59375,d45aff93-e9f9-4136-9d8f-1ae513f50e6d,1334000,183,1748548243311987569,1748548243311987569,,3,CME_Delayed,ZN Jun25,,SPatoliya
2025-06-02,08:57:59.412,8092262517946017060,Unknown_8092262517946017060,1,BUY,2.0,110.59375,242fa5f8-9fab-436b-a2b8-0744da0ea991,1334000,183,1748869079412144152,1748869079412144152,,2,CME_Delayed,ZN Jun25,,SPatoliya
2025-06-02,08:57:59.412,8092262517946017060,Unknown_8092262517946017060,1,BUY,8.0,110.609375,242fa5f8-9fab-436b-a2b8-0744da0ea991,1334000,183,1748869079412290574,1748869079412290574,,3,CME_Delayed,ZN Jun25,,SPatoliya
2025-06-03,22:06:04.142,14868446001769503902,Unknown_14868446001769503902,1,BUY,7.0,110.5,66a234b1-46cc-40f0-bc8e-da642edf08c9,1334000,183,1749002764142683514,1749002764142683514,,2,CME_Delayed,ZN Sep25,,Eric
2025-06-03,22:06:04.274,14868446001769503902,Unknown_14868446001769503902,1,BUY,1.0,110.5,66a234b1-46cc-40f0-bc8e-da642edf08c9,1334000,183,1749002764274033933,1749002764274033933,,2,CME_Delayed,ZN Sep25,,Eric
2025-06-03,22:06:07.410,14868446001769503902,Unknown_14868446001769503902,1,BUY,2.0,110.5,66a234b1-46cc-40f0-bc8e-da642edf08c9,1334000,183,1749002767410772896,1749002767410772896,,3,CME_Delayed,ZN Sep25,,Eric
2025-06-04,02:21:25.677,14868446001769503902,Unknown_14868446001769503902,1,BUY,2.0,110.453125,d5e5d5e5-81c3-4c18-9a55-b269dad21eb6,1334000,183,1749018085677049063,1749018085677049063,,2,CME_Delayed,ZN Sep25,,Eric
2025-06-04,02:21:25.718,14868446001769503902,Unknown_14868446001769503902,1,BUY,2.0,110.453125,d5e5d5e5-81c3-4c18-9a55-b269dad21eb6,1334000,183,1749018085718704017,1749018085718704017,,2,CME_Delayed,ZN Sep25,,Eric
2025-06-04,02:21:25.718,14868446001769503902,Unknown_14868446001769503902,1,BUY,1.0,110.453125,d5e5d5e5-81c3-4c18-9a55-b269dad21eb6,1334000,183,1749018085718929844,1749018085718929844,,2,CME_Delayed,ZN Sep25,,Eric
2025-06-04,02:21:25.719,14868446001769503902,Unknown_14868446001769503902,1,BUY,1.0,110.453125,d5e5d5e5-81c3-4c18-9a55-b269dad21eb6,1334000,183,1749018085719083344,1749018085719083344,,2,CME_Delayed,ZN Sep25,,Eric
2025-06-04,02:21:25.719,14868446001769503902,Unknown_14868446001769503902,1,BUY,1.0,110.453125,d5e5d5e5-81c3-4c18-9a55-b269dad21eb6,1334000,183,1749018085719236879,1749018085719236879,,2,CME_Delayed,ZN Sep25,,Eric
2025-06-04,02:21:25.719,14868446001769503902,Unknown_14868446001769503902,1,BUY,5.0,110.453125,d5e5d5e5-81c3-4c18-9a55-b269dad21eb6,1334000,183,1749018085719398733,1749018085719398733,,2,CME_Delayed,ZN Sep25,,Eric
2025-06-04,02:21:25.719,14868446001769503902,Unknown_14868446001769503902,1,BUY,8.0,110.453125,d5e5d5e5-81c3-4c18-9a55-b269dad21eb6,1334000,183,1749018085719531807,1749018085719531807,,3,CME_Delayed,ZN Sep25,,Eric
2025-06-04,02:50:11.838,14868446001769503902,Unknown_14868446001769503902,2,SELL,15.0,110.5,78bebb17-1bd7-4aa0-9eca-2ce9d6476f19,1334000,183,1749019811838481705,1749019811838481705,,3,CME_Delayed,ZN Sep25,,Eric
2025-06-04,04:10:10.409,14868446001769503902,Unknown_14868446001769503902,1,BUY,1.0,110.40625,9c3a7028-eb8c-45cc-956b-fdc597f1aa3a,1334000,183,1749024610409142129,1749024610409142129,,2,CME_Delayed,ZN Sep25,,Eric
2025-06-04,04:10:15.617,14868446001769503902,Unknown_14868446001769503902,1,BUY,4.0,110.40625,9c3a7028-eb8c-45cc-956b-fdc597f1aa3a,1334000,183,1749024615617510023,1749024615617510023,,2,CME_Delayed,ZN Sep25,,Eric
2025-06-04,04:10:27.342,14868446001769503902,Unknown_14868446001769503902,1,BUY,1.0,110.40625,9c3a7028-eb8c-45cc-956b-fdc597f1aa3a,1334000,183,1749024627342995112,1749024627342995112,,2,CME_Delayed,ZN Sep25,,Eric
2025-06-04,04:10:28.418,14868446001769503902,Unknown_14868446001769503902,1,BUY,1.0,110.40625,9c3a7028-eb8c-45cc-956b-fdc597f1aa3a,1334000,183,1749024628418337991,1749024628418337991,,2,CME_Delayed,ZN Sep25,,Eric
2025-06-04,04:10:31.444,14868446001769503902,Unknown_14868446001769503902,1,BUY,2.0,110.40625,9c3a7028-eb8c-45cc-956b-fdc597f1aa3a,1334000,183,1749024631444361992,1749024631444361992,,2,CME_Delayed,ZN Sep25,,Eric
2025-06-04,04:10:37.134,14868446001769503902,Unknown_14868446001769503902,1,BUY,1.0,110.40625,9c3a7028-eb8c-45cc-956b-fdc597f1aa3a,1334000,183,1749024637134971573,1749024637134971573,,2,CME_Delayed,ZN Sep25,,Eric
2025-06-04,04:10:38.291,14868446001769503902,Unknown_14868446001769503902,1,BUY,2.0,110.40625,9c3a7028-eb8c-45cc-956b-fdc597f1aa3a,1334000,183,1749024638291934417,1749024638291934417,,2,CME_Delayed,ZN Sep25,,Eric
2025-06-04,04:10:43.710,14868446001769503902,Unknown_14868446001769503902,1,BUY,1.0,110.40625,9c3a7028-eb8c-45cc-956b-fdc597f1aa3a,1334000,183,1749024643710790878,1749024643710790878,,2,CME_Delayed,ZN Sep25,,Eric
2025-06-04,04:10:49.186,14868446001769503902,Unknown_14868446001769503902,1,BUY,3.0,110.40625,9c3a7028-eb8c-45cc-956b-fdc597f1aa3a,1334000,183,1749024649186704082,1749024649186704082,,2,CME_Delayed,ZN Sep25,,Eric
2025-06-04,04:10:54.557,14868446001769503902,Unknown_14868446001769503902,1,BUY,1.0,110.40625,9c3a7028-eb8c-45cc-956b-fdc597f1aa3a,1334000,183,1749024654557340573,1749024654557340573,,2,CME_Delayed,ZN Sep25,,Eric
2025-06-04,04:10:59.604,14868446001769503902,Unknown_14868446001769503902,1,BUY,2.0,110.40625,9c3a7028-eb8c-45cc-956b-fdc597f1aa3a,1334000,183,1749024659604081143,1749024659604081143,,2,CME_Delayed,ZN Sep25,,Eric
2025-06-04,04:11:00.564,14868446001769503902,Unknown_14868446001769503902,1,BUY,1.0,110.40625,9c3a7028-eb8c-45cc-956b-fdc597f1aa3a,1334000,183,1749024660564260468,1749024660564260468,,2,CME_Delayed,ZN Sep25,,Eric
2025-06-04,04:11:06.741,14868446001769503902,Unknown_14868446001769503902,1,BUY,2.0,110.40625,9c3a7028-eb8c-45cc-956b-fdc597f1aa3a,1334000,183,1749024666741941691,1749024666741941691,,2,CME_Delayed,ZN Sep25,,Eric
2025-06-04,04:11:07.268,14868446001769503902,Unknown_14868446001769503902,1,BUY,1.0,110.40625,9c3a7028-eb8c-45cc-956b-fdc597f1aa3a,1334000,183,1749024667268616524,1749024667268616524,,2,CME_Delayed,ZN Sep25,,Eric
2025-06-04,04:11:12.721,14868446001769503902,Unknown_14868446001769503902,1,BUY,2.0,110.40625,9c3a7028-eb8c-45cc-956b-fdc597f1aa3a,1334000,183,1749024672721745482,1749024672721745482,,2,CME_Delayed,ZN Sep25,,Eric
2025-06-04,04:11:16.447,14868446001769503902,Unknown_14868446001769503902,1,BUY,1.0,110.40625,9c3a7028-eb8c-45cc-956b-fdc597f1aa3a,1334000,183,1749024676447264918,1749024676447264918,,2,CME_Delayed,ZN Sep25,,Eric
2025-06-04,04:11:17.454,14868446001769503902,Unknown_14868446001769503902,1,BUY,8.0,110.40625,9c3a7028-eb8c-45cc-956b-fdc597f1aa3a,1334000,183,1749024677454067803,1749024677454067803,,2,CME_Delayed,ZN Sep25,,Eric
2025-06-04,04:11:17.485,14868446001769503902,Unknown_14868446001769503902,1,BUY,1.0,110.40625,9c3a7028-eb8c-45cc-956b-fdc597f1aa3a,1334000,183,1749024677485029533,1749024677485029533,,2,CME_Delayed,ZN Sep25,,Eric
2025-06-04,04:11:22.410,14868446001769503902,Unknown_14868446001769503902,1,BUY,2.0,110.40625,9c3a7028-eb8c-45cc-956b-fdc597f1aa3a,1334000,183,1749024682410434294,1749024682410434294,,2,CME_Delayed,ZN Sep25,,Eric
2025-06-04,04:11:23.797,14868446001769503902,Unknown_14868446001769503902,1,BUY,3.0,110.40625,9c3a7028-eb8c-45cc-956b-fdc597f1aa3a,1334000,183,1749024683797681489,1749024683797681489,,3,CME_Delayed,ZN Sep25,,Eric
2025-06-04,06:54:06.538,14868446001769503902,Unknown_14868446001769503902,2,SELL,1.0,110.46875,8703227e-6bd5-4f36-8bc8-981d7f7c8670,1334000,183,1749034446538569566,1749034446538569566,,2,CME_Delayed,ZN Sep25,,Eric
2025-06-04,06:54:31.027,14868446001769503902,Unknown_14868446001769503902,2,SELL,1.0,110.46875,8703227e-6bd5-4f36-8bc8-981d7f7c8670,1334000,183,1749034471027440317,1749034471027440317,,2,CME_Delayed,ZN Sep25,,Eric
2025-06-04,06:54:31.037,14868446001769503902,Unknown_14868446001769503902,2,SELL,5.0,110.46875,8703227e-6bd5-4f36-8bc8-981d7f7c8670,1334000,183,1749034471037539443,1749034471037539443,,2,CME_Delayed,ZN Sep25,,Eric
2025-06-04,06:54:31.037,14868446001769503902,Unknown_14868446001769503902,2,SELL,15.0,110.46875,8703227e-6bd5-4f36-8bc8-981d7f7c8670,1334000,183,1749034471037746258,1749034471037746258,,2,CME_Delayed,ZN Sep25,,Eric
2025-06-04,06:54:31.037,14868446001769503902,Unknown_14868446001769503902,2,SELL,1.0,110.46875,8703227e-6bd5-4f36-8bc8-981d7f7c8670,1334000,183,1749034471037840498,1749034471037840498,,2,CME_Delayed,ZN Sep25,,Eric
2025-06-04,06:54:31.037,14868446001769503902,Unknown_14868446001769503902,2,SELL,7.0,110.46875,8703227e-6bd5-4f36-8bc8-981d7f7c8670,1334000,183,1749034471037975136,1749034471037975136,,3,CME_Delayed,ZN Sep25,,Eric
2025-06-04,13:00:10.779,14868446001769503902,Unknown_14868446001769503902,1,BUY,10.0,111.1875,8b6f33f8-6263-49f0-abb6-82cde7eef20f,1334000,183,1749056410779188928,1749056410779188928,,3,CME_Delayed,ZN Sep25,,Eric
2025-06-04,13:26:03.785,14868446001769503902,Unknown_14868446001769503902,1,BUY,20.0,111.140625,8ed71353-7eb0-4484-8ba0-1342f9a9ce18,1334000,183,1749057963785354186,1749057963785354186,,3,CME_Delayed,ZN Sep25,,Eric
2025-06-27,16:00:14.073,1375333834396392980,Unknown_1375333834396392980,1,BUY,10.0,111.796875,b94c03d5-257a-4bba-b053-84e72a7025a4,1334000,7,1751054414073145633,1751054414073145633,,3,CME,ZN Sep25,,Eric
2025-06-27,16:08:24.583,1375333834396392980,Unknown_1375333834396392980,1,BUY,5.0,111.84375,f618faee-877a-4e57-a71f-586bb613c5d2,1334000,7,1751054904583882680,1751054904583882680,,2,CME,ZN Sep25,,Eric
2025-06-27,16:08:24.584,1375333834396392980,Unknown_1375333834396392980,1,BUY,2.0,111.84375,f618faee-877a-4e57-a71f-586bb613c5d2,1334000,7,1751054904584166384,1751054904584166384,,2,CME,ZN Sep25,,Eric
2025-06-27,16:08:24.584,1375333834396392980,Unknown_1375333834396392980,1,BUY,3.0,111.84375,f618faee-877a-4e57-a71f-586bb613c5d2,1334000,7,1751054904584345945,1751054904584345945,,3,CME,ZN Sep25,,Eric
2025-06-27,16:13:09.813,1375333834396392980,Unknown_1375333834396392980,1,BUY,10.0,111.875,654a3b6e-ce05-4138-8793-732f04db44e4,1334000,7,1751055189813003225,1751055189813003225,,3,CME,ZN Sep25,,Eric
2025-06-30,10:20:40.340,1375333834396392980,Unknown_1375333834396392980,1,BUY,10.0,111.84375,e4ce12da-9930-4975-8688-5f29f52dd0e8,1334000,7,1751293240340898990,1751293240340898990,,3,CME,ZN Sep25,,Eric
2025-06-30,10:27:35.526,1375333834396392980,Unknown_1375333834396392980,1,BUY,1.0,111.890625,0cc5196e-6f9a-4fdb-84fa-c56f1389fbae,1334000,7,1751293655526552221,1751293655526552221,,3,CME,ZN Sep25,,Eric
2025-06-30,10:27:42.926,1375333834396392980,Unknown_1375333834396392980,1,BUY,5.0,111.890625,4090e33f-1ee6-49cf-97a0-d942ea2ebcc0,1334000,7,1751293662926795940,1751293662926795940,,3,CME,ZN Sep25,,Eric
2025-06-30,10:29:16.298,1375333834396392980,Unknown_1375333834396392980,2,SELL,1.0,111.859375,92deb39b-678c-4411-b606-a201740489eb,1334000,7,1751293756298709137,1751293756298709137,,3,CME,ZN Sep25,,Eric
2025-07-01,10:40:41.767,1375333834396392980,Unknown_1375333834396392980,1,BUY,45.0,111.828125,adee326d-1a67-47d5-ad12-6bd2ea771244,1334000,7,1751380841767984818,1751380841767984818,,3,CME,ZN Sep25,,Eric
2025-07-01,10:41:37.774,1375333834396392980,Unknown_1375333834396392980,1,BUY,34.0,111.828125,ec3149cd-7ee8-4870-a68c-86b5188a3c34,1334000,7,1751380897774094359,1751380897774094359,,2,CME,ZN Sep25,,Eric
2025-07-01,10:41:37.774,1375333834396392980,Unknown_1375333834396392980,1,BUY,16.0,111.828125,ec3149cd-7ee8-4870-a68c-86b5188a3c34,1334000,7,1751380897774264751,1751380897774264751,,3,CME,ZN Sep25,,Eric
2025-07-01,11:06:29.178,1375333834396392980,Unknown_1375333834396392980,1,BUY,5.0,111.8125,2b36e0b9-a9ec-4480-8730-283fd0eea241,1334000,7,1751382389178715063,1751382389178715063,,3,CME,ZN Sep25,,Eric
2025-07-01,11:06:47.407,1375333834396392980,Unknown_1375333834396392980,2,SELL,5.0,111.796875,b26607c7-c2a7-4788-882d-045b713dba3c,1334000,7,1751382407407972661,1751382407407972661,,3,CME,ZN Sep25,,Eric
2025-07-01,11:07:21.655,1375333834396392980,Unknown_1375333834396392980,2,SELL,5.0,111.796875,cd175bb5-8d32-4955-bf2c-f35be28e20e0,1334000,7,1751382441655781151,1751382441655781151,,3,CME,ZN Sep25,,Eric
2025-07-01,11:07:32.834,1375333834396392980,Unknown_1375333834396392980,2,SELL,20.0,111.796875,bdefe6f6-9ed7-4333-978c-5cf6a0dd7521,1334000,7,1751382452834804530,1751382452834804530,,3,CME,ZN Sep25,,Eric
2025-07-01,11:09:15.992,1375333834396392980,Unknown_1375333834396392980,1,BUY,5.0,111.828125,66059b0f-fe48-45ac-8107-86a19593799b,1334000,7,1751382555992072229,1751382555992072229,,3,CME,ZN Sep25,,Eric
2025-07-01,11:38:12.084,1375333834396392980,Unknown_1375333834396392980,1,BUY,5.0,111.78125,62a17e29-aead-4dea-9186-1d34869ceb4f,1334000,7,1751384292084309621,1751384292084309621,,3,CME,ZN Sep25,,Eric
2025-07-01,11:44:35.063,1375333834396392980,Unknown_1375333834396392980,1,BUY,10.0,111.75,22dc8148-cf40-4901-b9d5-9cb5dc670aab,1334000,7,1751384675063325404,1751384675063325404,,3,CME,ZN Sep25,,Eric
2025-07-01,11:46:26.705,1375333834396392980,Unknown_1375333834396392980,1,BUY,10.0,111.734375,3ed9ae65-dffe-46e6-a3b3-779e7b3f6909,1334000,7,1751384786705210244,1751384786705210244,,3,CME,ZN Sep25,,Eric
2025-07-01,11:46:26.705,1375333834396392980,Unknown_1375333834396392980,1,BUY,10.0,111.734375,8def69ef-0ba6-4533-8422-f8d6d21899a3,1334000,7,1751384786705421859,1751384786705421859,,3,CME,ZN Sep25,,Eric
2025-07-01,11:46:26.705,1375333834396392980,Unknown_1375333834396392980,1,BUY,10.0,111.734375,13afce9e-ae7e-4dce-919e-4db31c01e57b,1334000,7,1751384786705593983,1751384786705593983,,3,CME,ZN Sep25,,Eric
2025-07-01,11:49:02.012,1375333834396392980,Unknown_1375333834396392980,1,BUY,6.0,111.734375,045f6891-006c-4ed6-b35a-fae8befd89e8,1334000,7,1751384942012048018,1751384942012048018,,2,CME,ZN Sep25,,Eric
2025-07-01,11:49:02.012,1375333834396392980,Unknown_1375333834396392980,1,BUY,1.0,111.734375,045f6891-006c-4ed6-b35a-fae8befd89e8,1334000,7,1751384942012257235,1751384942012257235,,2,CME,ZN Sep25,,Eric
2025-07-01,11:49:02.020,1375333834396392980,Unknown_1375333834396392980,1,BUY,3.0,111.734375,045f6891-006c-4ed6-b35a-fae8befd89e8,1334000,7,1751384942020851421,1751384942020851421,,3,CME,ZN Sep25,,Eric
2025-07-01,20:18:52.574,1375333834396392980,Unknown_1375333834396392980,1,BUY,1.0,111.890625,11a64b1d-76e2-4ed2-b5c2-33f7234954d4,1334000,7,1751415532574599004,1751415532574599004,,3,CME,ZN Sep25,,Eric
2025-07-01,22:16:14.646,1375333834396392980,Unknown_1375333834396392980,1,BUY,10.0,111.875,fb14a2cf-9d5b-46b7-979a-e76e38024b0d,1334000,7,1751422574646083501,1751422574646083501,,3,CME,ZN Sep25,,Eric
2025-07-01,22:37:12.035,1375333834396392980,Unknown_1375333834396392980,1,BUY,186.0,111.875,4388d9c1-3b3b-4401-a618-bbfbe86a333a,1334000,7,1751423832035660924,1751423832035660924,,3,CME,ZN Sep25,,Eric
2025-07-02,02:14:40.578,1375333834396392980,Unknown_1375333834396392980,1,BUY,20.0,111.828125,11f024a6-aee3-4f55-932a-d2dd58f5a45e,1334000,7,1751436880578627013,1751436880578627013,,3,CME,ZN Sep25,,Eric
2025-07-02,02:52:07.607,1375333834396392980,Unknown_1375333834396392980,1,BUY,40.0,111.78125,304eea3b-32e2-4cb2-be1e-5e9ee8050c2c,1334000,7,1751439127607794338,1751439127607794338,,3,CME,ZN Sep25,,Eric
2025-07-02,03:00:10.627,1375333834396392980,Unknown_1375333834396392980,1,BUY,80.0,111.734375,51f1fe8e-fa9f-4f4e-a081-d7bcd4eb9a7a,1334000,7,1751439610627337872,1751439610627337872,,3,CME,ZN Sep25,,Eric
2025-07-02,04:30:51.250,1375333834396392980,Unknown_1375333834396392980,2,SELL,1.0,111.65625,d170eb8c-8ae5-4bf6-875c-2d5e6c66d4c5,1334000,7,1751445051250555673,1751445051250555673,,3,CME,ZN Sep25,,Eric
2025-07-02,08:00:41.750,1375333834396392980,Unknown_1375333834396392980,2,SELL,149.0,111.578125,1298c99e-df1b-4f44-b97b-e0bee8ae8d00,1334000,7,1751457641750057603,1751457641750057603,,3,CME,ZN Sep25,,Eric
2025-07-02,13:14:17.369,1375333834396392980,Unknown_1375333834396392980,1,BUY,362.0,111.5625,80ae925e-3032-4656-890e-a6d19c3020c8,1334000,7,1751476457369336652,1751476457369336652,,3,CME,ZN Sep25,,Eric
2025-07-02,13:16:04.982,1375333834396392980,Unknown_1375333834396392980,1,BUY,724.0,111.5625,329c5375-1584-445c-9d32-012d864bb451,1334000,7,1751476564982323061,1751476564982323061,,3,CME,ZN Sep25,,Eric
2025-07-02,13:18:50.169,1375333834396392980,Unknown_1375333834396392980,1,BUY,17.0,111.578125,d51b80db-ddc2-4b44-8dca-a5b96c16bc89,1334000,7,1751476730169147184,1751476730169147184,,3,CME,ZN Sep25,,Eric
2025-07-02,13:19:23.022,1375333834396392980,Unknown_1375333834396392980,1,BUY,14.0,111.578125,6de77fc7-22ad-4811-9e5b-f23bf24f0e0d,1334000,7,1751476763022773509,1751476763022773509,,3,CME,ZN Sep25,,Eric
2025-07-02,18:00:45.823,1375333834396392980,Unknown_1375333834396392980,1,BUY,1.0,111.71875,85932d09-cc3b-4390-989d-cde9f28803b0,1334000,7,1751493645823045259,1751493645823045259,,3,CME,ZN Sep25,,Eric
2025-07-02,18:02:06.227,1375333834396392980,Unknown_1375333834396392980,1,BUY,1.0,111.734375,ace676b6-bb7c-4c74-91cc-b5c0179ae0d2,1334000,7,1751493726227637454,1751493726227637454,,3,CME,ZN Sep25,,Eric
2025-07-02,19:27:47.181,1375333834396392980,Unknown_1375333834396392980,2,SELL,1.0,111.71875,b03c364f-ac84-481d-88db-0334c38d1dee,1334000,7,1751498867181024114,1751498867181024114,,3,CME,ZN Sep25,,Eric
2025-07-02,19:27:51.236,1375333834396392980,Unknown_1375333834396392980,2,SELL,2.0,111.71875,3f579a33-0a60-4d5a-b7fb-62f5cb0c3916,1334000,7,1751498871236850173,1751498871236850173,,3,CME,ZN Sep25,,Eric
2025-07-02,19:27:54.229,1375333834396392980,Unknown_1375333834396392980,2,SELL,3.0,111.71875,d11e6a7e-3d7d-441b-9a2d-792fe77dc092,1334000,7,1751498874229514183,1751498874229514183,,3,CME,ZN Sep25,,Eric
2025-07-02,19:33:32.207,1375333834396392980,Unknown_1375333834396392980,2,SELL,2.0,111.71875,b75ff393-b830-4f29-822e-fb8a7064e009,1334000,7,1751499212207588133,1751499212207588133,,3,CME,ZN Sep25,,Eric
2025-07-02,19:52:54.368,1375333834396392980,Unknown_1375333834396392980,2,SELL,1.0,111.71875,d3a3ee02-3d76-41ef-9f22-735a5d0fb7d8,1334000,7,1751500374368529611,1751500374368529611,,3,CME,ZN Sep25,,Eric
2025-07-02,20:08:12.756,1375333834396392980,Unknown_1375333834396392980,2,SELL,5.0,111.765625,c0a23af6-873a-4104-b009-e563347830e8,1334000,7,1751501292756213195,1751501292756213195,,3,CME,ZN Sep25,,Eric
2025-07-02,21:05:44.860,1375333834396392980,Unknown_1375333834396392980,2,SELL,1027.0,111.765625,c1544b40-39a1-4f94-a7e7-20b96fdffaec,1334000,7,1751504744860648072,1751504744860648072,,2,CME,ZN Sep25,,Eric
2025-07-02,21:05:44.860,1375333834396392980,Unknown_1375333834396392980,2,SELL,440.0,111.75,c1544b40-39a1-4f94-a7e7-20b96fdffaec,1334000,7,1751504744860726985,1751504744860726985,,3,CME,ZN Sep25,,Eric
2025-07-02,21:06:12.126,1375333834396392980,Unknown_1375333834396392980,2,SELL,13.0,111.765625,ae9ecfb0-aa7a-4080-8fe3-7049e723b271,1334000,7,1751504772126561498,1751504772126561498,,2,CME,ZN Sep25,,Eric
2025-07-02,21:06:12.126,1375333834396392980,Unknown_1375333834396392980,2,SELL,987.0,111.75,ae9ecfb0-aa7a-4080-8fe3-7049e723b271,1334000,7,1751504772126645568,1751504772126645568,,3,CME,ZN Sep25,,Eric
2025-07-03,12:29:09.540,1375333834396392980,Unknown_1375333834396392980,2,SELL,20.0,111.25,b44cb343-844b-4b6b-a734-bd093cbc8278,1334000,7,1751560149540518876,1751560149540518876,,3,CME,ZN Sep25,,Eric
2025-07-03,12:37:10.487,1375333834396392980,Unknown_1375333834396392980,2,SELL,2.0,111.234375,91649894-23bc-4d61-96e3-300033ef6241,1334000,7,1751560630487928717,1751560630487928717,,3,CME,ZN Sep25,,Eric
2025-07-03,13:24:16.317,1375333834396392980,Unknown_1375333834396392980,2,SELL,1.0,111.171875,dc5f9265-82e1-4751-9e62-a9ce023afd68,1334000,7,1751563456317080285,1751563456317080285,,3,CME,ZN Sep25,,Eric
2025-07-03,14:07:50.191,1375333834396392980,Unknown_1375333834396392980,2,SELL,3.0,111.1875,ef12f541-d028-4939-b638-c0bab6c2abca,1334000,7,1751566070191050596,1751566070191050596,,3,CME,ZN Sep25,,Eric
2025-07-03,14:10:46.350,1375333834396392980,Unknown_1375333834396392980,1,BUY,1.0,111.203125,2d1171d9-dd9a-475b-ac47-c719ef37476d,1334000,7,1751566246350340585,1751566246350340585,,3,CME,ZN Sep25,,Eric
2025-07-03,14:47:13.629,1375333834396392980,Unknown_1375333834396392980,1,BUY,1.0,111.21875,b80bbe1b-f7d7-434a-a432-2779d6a7e06a,1334000,7,1751568433629509358,1751568433629509358,,3,CME,ZN Sep25,,Eric
2025-07-03,14:56:47.143,1375333834396392980,Unknown_1375333834396392980,1,BUY,1.0,111.21875,ee8254a5-a339-482d-ac0a-f129ecc1ef24,1334000,7,1751569007143944022,1751569007143944022,,3,CME,ZN Sep25,,Eric
2025-07-03,17:41:00.006,1375333834396392980,Unknown_1375333834396392980,1,BUY,1.0,111.265625,1ce3510b-4347-4707-8b52-e283b11b9e13,1334000,7,1751578860006119057,1751578860006119057,,3,CME,ZN Sep25,,Eric
2025-07-03,17:41:57.338,1375333834396392980,Unknown_1375333834396392980,1,BUY,2.0,111.265625,f5368272-922e-4bee-8197-1ff0e433b2fb,1334000,7,1751578917338945331,1751578917338945331,,3,CME,ZN Sep25,,Eric
2025-07-03,18:27:01.561,1375333834396392980,Unknown_1375333834396392980,1,BUY,1.0,111.234375,33f120f9-1c34-4508-a651-7a8172775e42,1334000,7,1751581621561507924,1751581621561507924,,3,CME,ZN Sep25,,Eric
2025-07-03,18:48:36.525,1375333834396392980,Unknown_1375333834396392980,1,BUY,1.0,111.234375,e4716b30-fc6d-4269-8d94-7e99a6c7faa0,1334000,7,1751582916525376254,1751582916525376254,,3,CME,ZN Sep25,,Eric
2025-07-03,19:27:22.691,1375333834396392980,Unknown_1375333834396392980,2,SELL,727.0,111.21875,e26cf880-c539-434f-ac5a-263372fedb87,1334000,7,1751585242691599374,1751585242691599374,,2,CME,ZN Sep25,,Eric
2025-07-03,19:27:24.234,1375333834396392980,Unknown_1375333834396392980,2,SELL,44.0,111.21875,e26cf880-c539-434f-ac5a-263372fedb87,1334000,7,1751585244234730938,1751585244234730938,,2,CME,ZN Sep25,,Eric
2025-07-03,19:27:24.326,1375333834396392980,Unknown_1375333834396392980,2,SELL,1.0,111.21875,e26cf880-c539-434f-ac5a-263372fedb87,1334000,7,1751585244326135047,1751585244326135047,,2,CME,ZN Sep25,,Eric
2025-07-04,11:08:26.706,1375333834396392980,Unknown_1375333834396392980,1,BUY,1.0,111.359375,45d16498-4501-4d54-8d85-7ce1c03dc3af,1334000,7,1751641706706259570,1751641706706259570,,3,CME,ZN Sep25,,Eric
2025-07-04,15:22:58.723,1375333834396392980,Unknown_1375333834396392980,1,BUY,1.0,111.359375,27e299cb-245c-4701-9d1e-661649471b67,1334000,7,1751656978723817027,1751656978723817027,,3,CME,ZN Sep25,,Eric
2025-07-04,15:23:23.349,1375333834396392980,Unknown_1375333834396392980,1,BUY,1.0,111.359375,41ccb8b3-e9ab-4421-a5fe-6d18c78d6df6,1334000,7,1751657003349136775,1751657003349136775,,3,CME,ZN Sep25,,Eric
2025-07-04,15:24:53.725,1375333834396392980,Unknown_1375333834396392980,1,BUY,1.0,111.359375,d4d9ed30-fed1-4dac-a853-4152928a9043,1334000,7,1751657093725840393,1751657093725840393,,3,CME,ZN Sep25,,Eric
2025-07-04,15:25:02.649,1375333834396392980,Unknown_1375333834396392980,1,BUY,1.0,111.359375,ae8d5299-6533-4a02-8cf4-326e99676aa0,1334000,7,1751657102649359271,1751657102649359271,,3,CME,ZN Sep25,,Eric
2025-07-04,15:41:46.068,1375333834396392980,Unknown_1375333834396392980,1,BUY,1.0,111.359375,2953fa2c-e0e3-4b72-9df7-ee12a9f7e9e2,1334000,7,1751658106068451690,1751658106068451690,,3,CME,ZN Sep25,,Eric
2025-07-05,15:45:47.957,1375333834396392980,Unknown_1375333834396392980,1,BUY,402.0,111.359375,50f8c397-8ce3-4306-b10d-ef1abc160dc2,1334000,7,1751744747957595948,1751744747957595948,,2,CME,ZN Sep25,,Eric
2025-07-05,15:45:47.957,1375333834396392980,Unknown_1375333834396392980,1,BUY,575.0,111.375,50f8c397-8ce3-4306-b10d-ef1abc160dc2,1334000,7,1751744747957727618,1751744747957727618,,2,CME,ZN Sep25,,Eric
2025-07-05,15:45:47.957,1375333834396392980,Unknown_1375333834396392980,1,BUY,807.0,111.390625,50f8c397-8ce3-4306-b10d-ef1abc160dc2,1334000,7,1751744747957825985,1751744747957825985,,3,CME,ZN Sep25,,Eric
2025-07-05,16:15:44.934,1375333834396392980,Unknown_1375333834396392980,2,SELL,1.0,111.34375,37000ea1-43f5-4f76-80b3-cd4cb2fb390f,1334000,7,1751746544934874873,1751746544934874873,,3,CME,ZN Sep25,,Eric
2025-07-05,16:16:01.379,1375333834396392980,Unknown_1375333834396392980,1,BUY,1.0,111.359375,8fd9a8a9-3878-436e-8374-61bb2aa53d8d,1334000,7,1751746561379716794,1751746561379716794,,3,CME,ZN Sep25,,Eric
2025-07-05,17:44:17.086,1375333834396392980,Unknown_1375333834396392980,1,BUY,1.0,111.359375,cdfdc0f1-6a06-4dbf-b6e8-fdac049aeba3,1334000,7,1751751857086012933,1751751857086012933,,3,CME,ZN Sep25,,Eric
2025-07-05,17:56:20.796,1375333834396392980,Unknown_1375333834396392980,2,SELL,1.0,111.34375,8dcb3fcf-52b2-4235-acab-d7675bbddd53,1334000,7,1751752580796815464,1751752580796815464,,3,CME,ZN Sep25,,Eric
2025-07-05,18:13:09.715,1375333834396392980,Unknown_1375333834396392980,1,BUY,1.0,111.359375,7185d08c-47ce-4e26-9d6f-6ffc2c81bcdf,1334000,7,1751753589715380040,1751753589715380040,,3,CME,ZN Sep25,,Eric
2025-07-07,12:46:23.023,1375333834396392980,Unknown_1375333834396392980,1,BUY,1.0,110.984375,39319390-8cb7-4b64-9166-4c8e0ac9bbe1,1334000,7,1751906783023775284,1751906783023775284,,3,CME,ZN Sep25,,Eric
2025-07-07,12:59:56.101,1375333834396392980,Unknown_1375333834396392980,2,SELL,1.0,111.0,a05d75fa-a398-43d9-93ab-af231dbba263,1334000,7,1751907596101251367,1751907596101251367,,3,CME,ZN Sep25,,Eric
2025-07-07,13:18:04.573,1375333834396392980,Unknown_1375333834396392980,2,SELL,1.0,111.015625,0c96c358-7ac0-4d45-8eca-f26cb3e098f1,1334000,7,1751908684573679897,1751908684573679897,,3,CME,ZN Sep25,,Eric
2025-07-07,14:29:38.150,1375333834396392980,Unknown_1375333834396392980,1,BUY,1.0,110.953125,a19c9bd3-1a94-4ae6-989c-c6a7a03b4102,1334000,7,1751912978150058751,1751912978150058751,,3,CME,ZN Sep25,,Eric
2025-07-07,14:31:28.375,1375333834396392980,Unknown_1375333834396392980,1,BUY,1.0,110.953125,16529529-d68e-408a-87f7-7339f760a0a6,1334000,7,1751913088375548089,1751913088375548089,,3,CME,ZN Sep25,,Eric
2025-07-07,14:53:09.377,1375333834396392980,Unknown_1375333834396392980,1,BUY,1.0,110.9375,a0f30dde-cacc-42ca-8a87-2a8bd0730f8e,1334000,7,1751914389377788586,1751914389377788586,,3,CME,ZN Sep25,,Eric
